qid,quality_f1,retrieval_recall_k,retrieval_precision_k,retrieval_ms,latency_ms,cost_usd,retrieval_type,top_k,chunk_mode,chunk_size,overlap,rerank_enabled,retrieval_cache_hit_rate
5a8b57f25542995d1e6f1371,0.0,1.0,0.25,10.449916000652593,10.59266700031003,0.0,bm25,8,words,200,40,False,0.0
5a8c7595554299585d9e36b6,0.0,0.5,0.125,14.567582999006845,14.629457997216377,0.0,bm25,8,words,200,40,False,0.0
5a85ea095542994775f606a8,0.05555555555555556,1.0,0.25,17.305790999671444,17.3568329992122,0.0,bm25,8,words,200,40,False,0.0
5adbf0a255429947ff17385a,0.0,1.0,0.25,9.335208000265993,9.383166005136445,0.0,bm25,8,words,200,40,False,0.0
5a8e3ea95542995a26add48d,0.0,0.5,0.125,10.195833005127497,10.2510419965256,0.0,bm25,8,words,200,40,False,0.0
5abd94525542992ac4f382d2,0.0909090909090909,1.0,0.25,12.246375001268461,12.327124997682404,0.0,bm25,8,words,200,40,False,0.0
5a85b2d95542997b5ce40028,0.0,0.5,0.125,10.486208004294895,10.538374997850042,0.0,bm25,8,words,200,40,False,0.0
5a87ab905542996e4f3088c1,0.0,0.5,0.125,10.997957993822638,11.053624999476597,0.0,bm25,8,words,200,40,False,0.0
5a7bbb64554299042af8f7cc,0.0,1.0,0.25,6.305832997895777,6.349666997266468,0.0,bm25,8,words,200,40,False,0.0
5a8db19d5542994ba4e3dd00,0.0,1.0,0.25,8.525124998413958,8.565666001231875,0.0,bm25,8,words,200,40,False,0.0
5a7166395542994082a3e814,0.046511627906976744,0.5,0.125,16.329791003954597,16.380207998736296,0.0,bm25,8,words,200,40,False,0.0
5a877e5d5542993e715abf7d,0.1,1.0,0.2857142857142857,9.442957998544443,9.50429200020153,0.0,bm25,8,words,200,40,False,0.0
5ab3b0bf5542992ade7c6e39,0.04166666666666667,1.0,0.25,13.94833299855236,14.005666998855304,0.0,bm25,8,words,200,40,False,0.0
5ab56e32554299637185c594,0.0,1.0,0.25,9.974458000215236,10.035291998065077,0.0,bm25,8,words,200,40,False,0.0
5ab6d09255429954757d337d,0.049999999999999996,0.5,0.125,9.912082998198457,9.971999999834225,0.0,bm25,8,words,200,40,False,0.0
5a75e05c55429976ec32bc5f,0.0,0.5,0.125,11.263415995927062,11.318083998048678,0.0,bm25,8,words,200,40,False,0.0
5ab3e45655429976abd1bcd4,0.10256410256410256,0.5,0.125,16.178458005015273,16.265749996819068,0.0,bm25,8,words,200,40,False,0.0
5ab29c24554299449642c932,0.0,1.0,0.25,8.02224999642931,8.083583001280203,0.0,bm25,8,words,200,40,False,0.0
5ae0d4c9554299603e418468,0.0,0.5,0.125,14.308000005257782,14.357874999404885,0.0,bm25,8,words,200,40,False,0.0
5a8133725542995ce29dcbdb,0.0,1.0,0.25,8.062708002398722,8.099582999420818,0.0,bm25,8,words,200,40,False,0.0
5ae7a8175542993210983ed8,0.0,0.5,0.125,15.033499999844935,15.130750005482696,0.0,bm25,8,words,200,40,False,0.0
5ae6050f55429929b0807a5e,0.0,0.5,0.125,9.688250000181142,9.757666004588827,0.0,bm25,8,words,200,40,False,0.0
5adddccd5542997dc7907069,0.0,0.5,0.125,14.087208001001272,14.135208999505267,0.0,bm25,8,words,200,40,False,0.0
5ae2070a5542994d89d5b313,0.1276595744680851,0.5,0.125,10.694292002881411,10.742666003352497,0.0,bm25,8,words,200,40,False,0.0
5ae22b8d554299234fd0440f,0.1904761904761905,1.0,0.25,10.838624999450985,10.911625002336223,0.0,bm25,8,words,200,40,False,0.0
5a722b8655429971e9dc9329,0.09302325581395349,0.5,0.125,11.47175000369316,11.518625004100613,0.0,bm25,8,words,200,40,False,0.0
5adf37a95542995ec70e8f97,0.0,0.5,0.125,17.23462499649031,17.313625001406763,0.0,bm25,8,words,200,40,False,0.0
5abd259d55429924427fcf1a,0.0,0.5,0.125,7.876749994466081,7.929709005111363,0.0,bm25,8,words,200,40,False,0.0
5a828c8355429966c78a6a50,0.15789473684210528,1.0,0.25,19.677125004818663,19.77341699966928,0.0,bm25,8,words,200,40,False,0.0
5a8a3e745542996c9b8d5e70,0.10256410256410256,1.0,0.25,60.69474999821978,60.851499998534564,0.0,bm25,8,words,200,40,False,0.0
5ac23ff0554299636651994d,0.047619047619047616,0.5,0.125,12.181250000139698,12.253749999217689,0.0,bm25,8,words,200,40,False,0.0
5ae4a3265542995ad6573de5,0.0,1.0,0.25,9.519416998955421,9.59037499706028,0.0,bm25,8,words,200,40,False,0.0
5ae0361155429925eb1afc2c,0.0,1.0,0.25,8.14195800194284,8.191916997020599,0.0,bm25,8,words,200,40,False,0.0
5abc0a5d5542993f40c73c64,0.0,1.0,0.25,9.27662500180304,9.317374999227468,0.0,bm25,8,words,200,40,False,0.0
5a7cc50e554299452d57ba3e,0.0,1.0,0.25,7.317834002606105,7.357957998465281,0.0,bm25,8,words,200,40,False,0.0
5abf63f15542997ec76fd3ea,0.0,1.0,0.25,12.375833000987768,12.426500004949048,0.0,bm25,8,words,200,40,False,0.0
5a8ef2a75542995a26add583,0.0,1.0,0.25,12.709166003332939,12.783625003066845,0.0,bm25,8,words,200,40,False,0.0
5a80721b554299485f5985ef,0.13636363636363635,0.5,0.125,12.304750001931097,12.367541996354703,0.0,bm25,8,words,200,40,False,0.0
5ab51dae5542991779162d82,0.0,1.0,0.25,9.530374998576008,9.576292002748232,0.0,bm25,8,words,200,40,False,0.0
5a7571135542992d0ec05f98,0.0,0.5,0.125,9.606292005628347,9.6444579976378,0.0,bm25,8,words,200,40,False,0.0
5a7a0e1e5542990783324e1a,0.09756097560975609,1.0,0.25,9.696499997517094,9.783334004168864,0.0,bm25,8,words,200,40,False,0.0
5a74106b55429979e288289e,0.0,0.5,0.125,10.343625006498769,10.39929100079462,0.0,bm25,8,words,200,40,False,0.0
5a79311755429970f5fffe67,0.0,0.5,0.125,15.376124996691942,15.425833000335842,0.0,bm25,8,words,200,40,False,0.0
5ab2d3df554299194fa9352c,0.0,1.0,0.25,8.47970799804898,8.52100000338396,0.0,bm25,8,words,200,40,False,0.0
5a760ab65542994ccc918697,0.0,1.0,0.2857142857142857,13.56550000491552,13.606291002361104,0.0,bm25,8,words,200,40,False,0.0
5a7d54165542995f4f402256,0.0,1.0,0.25,10.647583003446925,10.718624995206483,0.0,bm25,8,words,200,40,False,0.0
5ab859a955429934fafe6d7b,0.0,1.0,0.25,17.545417002111208,17.60124999418622,0.0,bm25,8,words,200,40,False,0.0
5add61d65542995b365fab21,0.0,0.5,0.125,7.080791998305358,7.1240000033867545,0.0,bm25,8,words,200,40,False,0.0
5a8e068b5542995085b37384,0.0,1.0,0.2857142857142857,5.94329199520871,5.988999997498468,0.0,bm25,8,words,200,40,False,0.0
5abbf698554299114383a0b5,0.15789473684210528,0.5,0.125,12.131750001572073,12.18120800331235,0.0,bm25,8,words,200,40,False,0.0
5a8e1027554299653c1aa15f,0.2222222222222222,1.0,0.25,18.750207993434742,18.836957999155857,0.0,bm25,8,words,200,40,False,0.0
5ab84bf555429916710eb01f,0.0,0.5,0.125,11.179624998476356,11.227333001443185,0.0,bm25,8,words,200,40,False,0.0
5a77724455429972597f153e,0.0,0.0,0.0,7.569708002847619,7.609959000546951,0.0,bm25,8,words,200,40,False,0.0
5a87c13f5542996e4f30890c,0.0,1.0,0.25,11.812666998594068,11.88574999832781,0.0,bm25,8,words,200,40,False,0.0
5ab96ab755429970cfb8eacd,0.046511627906976744,0.0,0.0,9.291666996432468,9.375374997034669,0.0,bm25,8,words,200,40,False,0.0
5a8a43eb5542996c9b8d5e82,0.17142857142857143,0.5,0.125,16.053207997174468,16.10400000208756,0.0,bm25,8,words,200,40,False,0.0
5ae73acb5542991e8301cc07,0.052631578947368425,0.5,0.125,6.400624995876569,6.470790998719167,0.0,bm25,8,words,200,40,False,0.0
5a7320565542991f9a20c61d,0.1111111111111111,1.0,0.25,7.01508299971465,7.0577909937128425,0.0,bm25,8,words,200,40,False,0.0
5ae32e125542991a06ce9946,0.0,0.0,0.0,12.654541998927016,12.715208002191503,0.0,bm25,8,words,200,40,False,0.0
5adc53f75542996e6852530a,0.0,1.0,0.25,4.849208999075927,4.887707997113466,0.0,bm25,8,words,200,40,False,0.0
5a8b20335542996c9b8d5fb3,0.21276595744680854,1.0,0.25,17.194291998748668,17.24429200112354,0.0,bm25,8,words,200,40,False,0.0
5a85fb085542994775f606de,0.0,0.5,0.125,11.759082997741643,11.820833999081515,0.0,bm25,8,words,200,40,False,0.0
5a7be2595542997c3ec972ac,0.0,1.0,0.25,6.135249997896608,6.192500004544854,0.0,bm25,8,words,200,40,False,0.0
5a77152355429966f1a36c2e,0.05882352941176471,1.0,0.25,11.650499996903818,11.693874999764375,0.0,bm25,8,words,200,40,False,0.0
5a8f4c8d554299458435d5a3,0.0,0.5,0.125,12.119582999730483,12.16874999954598,0.0,bm25,8,words,200,40,False,0.0
5a80840f554299485f59863b,0.0,1.0,0.25,10.445583000546321,10.513249995710794,0.0,bm25,8,words,200,40,False,0.0
5a8361b65542992ef85e22a0,0.0,0.5,0.125,12.074999998731073,12.11962500383379,0.0,bm25,8,words,200,40,False,0.0
5ae7ba7a5542993210983f12,0.0,0.5,0.125,17.603833999601193,17.68195800104877,0.0,bm25,8,words,200,40,False,0.0
5ac2acff55429921a00ab02b,0.0,0.5,0.125,9.509625000646338,9.550875001878012,0.0,bm25,8,words,200,40,False,0.0
5aba7cfe554299232ef4a2fd,0.0,0.5,0.125,14.873833999445196,14.930124998500105,0.0,bm25,8,words,200,40,False,0.0
5ae5aba0554299546bf82f17,0.15,1.0,0.25,14.71566699910909,14.762874998268671,0.0,bm25,8,words,200,40,False,0.0
5ae1f4cb554299234fd0436d,0.0,0.5,0.125,8.804625002085231,8.846290998917539,0.0,bm25,8,words,200,40,False,0.0
5ae7e1fc55429952e35ea9cc,0.0689655172413793,0.5,0.125,11.780458997236565,11.818332997791003,0.0,bm25,8,words,200,40,False,0.0
5ae37c765542992f92d822d4,0.1621621621621622,0.5,0.16666666666666666,12.304709001909941,12.347249998128973,0.0,bm25,8,words,200,40,False,0.0
5ae33c4d5542992f92d82262,0.05714285714285714,0.5,0.125,7.87799999670824,7.917875002021901,0.0,bm25,8,words,200,40,False,0.0
5a77cb335542997042120b3a,0.0,1.0,0.25,8.61845799954608,8.660791994770989,0.0,bm25,8,words,200,40,False,0.0
5a8979f4554299669944a52e,0.0,0.5,0.125,9.360541000205558,9.398583002621308,0.0,bm25,8,words,200,40,False,0.0
5a713ea95542994082a3e6e4,0.0,0.5,0.125,8.350832998985425,8.388916998228524,0.0,bm25,8,words,200,40,False,0.0
5a78bd9b554299078472774a,0.0625,1.0,0.25,7.071083993650973,7.112040999345481,0.0,bm25,8,words,200,40,False,0.0
5a7625e8554299109176e66a,0.0,0.5,0.125,8.1304579944117,8.167416999640409,0.0,bm25,8,words,200,40,False,0.0
5ae2dd2055429928c423950d,0.0,1.0,0.25,8.716000003914814,8.793540997430682,0.0,bm25,8,words,200,40,False,0.0
5abdf12255429976d4830a2f,0.09302325581395349,1.0,0.25,16.504833001818042,16.54854200023692,0.0,bm25,8,words,200,40,False,0.0
5a88658955429938390d3f47,0.0,1.0,0.25,11.0021250002319,11.045540995837655,0.0,bm25,8,words,200,40,False,0.0
5a86ebac55429960ec39b6d6,0.10526315789473684,1.0,0.2857142857142857,13.801082997815683,13.843332999385893,0.0,bm25,8,words,200,40,False,0.0
5aba5d2e55429901930fa799,0.0,0.5,0.125,17.879792001622263,17.919249999977183,0.0,bm25,8,words,200,40,False,0.0
5ae5736e5542990ba0bbb2b3,0.0,1.0,0.2857142857142857,13.650000000779983,13.692499996977858,0.0,bm25,8,words,200,40,False,0.0
5ae005b555429942ec259bec,0.0,0.5,0.125,9.267041998100467,9.331125002063345,0.0,bm25,8,words,200,40,False,0.0
5a7759fc5542993569682d60,0.25,1.0,0.25,6.3335419981740415,6.368415997712873,0.0,bm25,8,words,200,40,False,0.0
5a835478554299123d8c20ed,0.0,1.0,0.25,7.357417001912836,7.4043330023414455,0.0,bm25,8,words,200,40,False,0.0
5aba749055429901930fa7d8,0.047619047619047616,1.0,0.25,5.660833005094901,5.702709000615869,0.0,bm25,8,words,200,40,False,0.0
5abfb3425542990832d3a1c0,0.1111111111111111,1.0,0.25,6.325875001493841,6.364665998262353,0.0,bm25,8,words,200,40,False,0.0
5ac3165c5542995ef918c10a,0.12903225806451613,0.5,0.125,8.018249995075166,8.058999999775551,0.0,bm25,8,words,200,40,False,0.0
5ae53b545542990ba0bbb23c,0.14634146341463414,1.0,0.25,10.846915996808093,10.909374999755528,0.0,bm25,8,words,200,40,False,0.0
5ae224da554299234fd043ee,0.0,1.0,0.25,6.767957995180041,6.819958005507942,0.0,bm25,8,words,200,40,False,0.0
5ae2b770554299495565db0f,0.0,1.0,0.25,14.579458002117462,14.622499998949934,0.0,bm25,8,words,200,40,False,0.0
5a80b3a9554299485f5986cc,0.0,0.5,0.125,5.676083004800603,5.714874998375308,0.0,bm25,8,words,200,40,False,0.0
5a8e0a005542995085b373a1,0.0,0.5,0.125,8.883125003194436,8.960166000179015,0.0,bm25,8,words,200,40,False,0.0
5ac1b8ee5542994d76dccedc,0.13333333333333333,1.0,0.25,9.041124998475425,9.10308300080942,0.0,bm25,8,words,200,40,False,0.0
5adccd795542990d50227d2c,0.0689655172413793,1.0,0.25,9.369875006086659,9.442333001061343,0.0,bm25,8,words,200,40,False,0.0
5a84c4135542994c784dda31,0.0,1.0,0.25,6.222459000127856,6.272416998399422,0.0,bm25,8,words,200,40,False,0.0
5a85eed75542996432c5713b,0.0,1.0,0.25,10.12470800196752,10.175167000852525,0.0,bm25,8,words,200,40,False,0.0
5a774e9c55429972597f14f3,0.0,0.5,0.125,9.028749998833518,9.07020799786551,0.0,bm25,8,words,200,40,False,0.0
5ae738f75542991bbc9761c4,0.0,0.5,0.14285714285714285,10.609124998154584,10.64441700145835,0.0,bm25,8,words,200,40,False,0.0
5ac32b565542995ef918c154,0.0,1.0,0.25,11.20041600370314,11.243875000218395,0.0,bm25,8,words,200,40,False,0.0
5abc8d75554299700f9d7900,0.09523809523809523,1.0,0.25,17.372082998917904,17.429874998924788,0.0,bm25,8,words,200,40,False,0.0
5a8bb29b554299240d9c2089,0.0,1.0,0.25,9.535999997751787,9.584958002960775,0.0,bm25,8,words,200,40,False,0.0
5ab659e355429954757d324e,0.0,0.5,0.125,10.397791003924794,10.447791995829903,0.0,bm25,8,words,200,40,False,0.0
5a8b8b3155429949d91db5d7,0.0,1.0,0.25,8.536792003724258,8.578125001804437,0.0,bm25,8,words,200,40,False,0.0
5ae7eaf65542994a481bbe1d,0.0,1.0,0.25,10.914708000200335,10.95629199699033,0.0,bm25,8,words,200,40,False,0.0
5a8c4c625542995e66a475a1,0.0,0.5,0.125,12.829749997763429,12.87383300223155,0.0,bm25,8,words,200,40,False,0.0
5a818387554299260e20a291,0.0909090909090909,1.0,0.25,11.305041000014171,11.358750001818407,0.0,bm25,8,words,200,40,False,0.0
5ab978855542996be2020512,0.0,0.5,0.125,7.884250000643078,7.925125006295275,0.0,bm25,8,words,200,40,False,0.0
5ae63dad55429929b0807afe,0.0,0.5,0.125,13.025749998632818,13.073875001282431,0.0,bm25,8,words,200,40,False,0.0
5a7a455c5542994f819ef1a7,0.1904761904761905,0.5,0.125,5.242042003374081,5.277041003864724,0.0,bm25,8,words,200,40,False,0.0
5a7dcc775542990b8f503ab5,0.10256410256410257,0.5,0.125,5.836040996655356,5.912250002438668,0.0,bm25,8,words,200,40,False,0.0
5a887bc0554299206df2b2b6,0.0,0.5,0.125,8.580333000281826,8.62112500180956,0.0,bm25,8,words,200,40,False,0.0
5a83880e554299123d8c214e,0.0,0.0,0.0,9.075875001144595,9.125166994635947,0.0,bm25,8,words,200,40,False,0.0
5a879adb5542996e4f30887f,0.0,0.5,0.125,8.88495799881639,8.930999996664468,0.0,bm25,8,words,200,40,False,0.0
5add11935542994734353827,0.0,0.5,0.125,7.979207999596838,8.013582999410573,0.0,bm25,8,words,200,40,False,0.0
5a8c5569554299240d9c2126,0.0,1.0,0.25,6.298708001850173,6.335541998851113,0.0,bm25,8,words,200,40,False,0.0
5a75f0ea5542994ccc91866c,0.039999999999999994,1.0,0.25,7.06295800046064,7.114166997780558,0.0,bm25,8,words,200,40,False,0.0
5a89f5815542993b751ca9c5,0.0,1.0,0.25,10.235207999357954,10.279582995281089,0.0,bm25,8,words,200,40,False,0.0
5a8d5fc6554299585d9e37c6,0.15384615384615385,0.5,0.125,13.456915999995545,13.502125002560206,0.0,bm25,8,words,200,40,False,0.0
5ac120c55542992a796dedfc,0.0,1.0,0.25,8.43212500330992,8.502500000759028,0.0,bm25,8,words,200,40,False,0.0
5ab7c1a955429928e1fe38c8,0.049999999999999996,1.0,0.25,16.33916699938709,16.389290998631623,0.0,bm25,8,words,200,40,False,0.0
5abd01205542992ac4f3819b,0.0,1.0,0.25,42.50716599926818,42.56224999699043,0.0,bm25,8,words,200,40,False,0.0
5ab69c25554299110f219a39,0.10526315789473684,0.5,0.125,18.927250006527174,18.97491599811474,0.0,bm25,8,words,200,40,False,0.0
5a7b12a355429927d897bf2a,0.0,0.5,0.125,8.074249999481253,8.125332999043167,0.0,bm25,8,words,200,40,False,0.0
5ae0006755429925eb1afbd3,0.13333333333333333,0.5,0.125,9.831125003984198,9.875958996417467,0.0,bm25,8,words,200,40,False,0.0
5ae305df5542992decbdcdc3,0.15,1.0,0.25,9.96162500086939,10.007541000959463,0.0,bm25,8,words,200,40,False,0.0
5a8574945542997b5ce3fffb,0.2978723404255319,1.0,0.25,12.659041996812448,12.709417002042755,0.0,bm25,8,words,200,40,False,0.0
5a7332935542991f9a20c67d,0.15384615384615385,1.0,0.25,7.70258299598936,7.747832998575177,0.0,bm25,8,words,200,40,False,0.0
5a80071f5542992bc0c4a684,0.0,0.5,0.125,11.625624996668193,11.67912500386592,0.0,bm25,8,words,200,40,False,0.0
5ae73c065542991e8301cc18,0.0425531914893617,0.5,0.14285714285714285,9.609458000340965,9.657666996645276,0.0,bm25,8,words,200,40,False,0.0
5a87d8215542994775f60800,0.0,1.0,0.25,20.140291002462618,20.188082999084145,0.0,bm25,8,words,200,40,False,0.0
5ac2ffbd554299677310267b,0.0,0.0,0.0,9.724249997816514,9.763833004399203,0.0,bm25,8,words,200,40,False,0.0
5a7c960655429935c91b5244,0.15,0.5,0.125,11.206457995285746,11.276042001554742,0.0,bm25,8,words,200,40,False,0.0
5a7d61775542991319bc93b9,0.0,0.0,0.0,12.921207999170292,12.977083002624568,0.0,bm25,8,words,200,40,False,0.0
5ac1c6805542994ab5c67e11,0.0,0.5,0.14285714285714285,12.071874996763654,12.127875001169741,0.0,bm25,8,words,200,40,False,0.0
5a7a230e5542996a35c170ee,0.0,0.5,0.125,8.831999999529216,8.876916996086948,0.0,bm25,8,words,200,40,False,0.0
5ae4627d5542991a06ce9a4d,0.0,0.5,0.125,6.2759580032434314,6.325124995782971,0.0,bm25,8,words,200,40,False,0.0
5ac2d1d755429921a00ab053,0.14285714285714288,1.0,0.25,7.405332995404024,7.447249998222105,0.0,bm25,8,words,200,40,False,0.0
5ab4e3065542990594ba9cb4,0.05263157894736842,1.0,0.2857142857142857,6.466124999860767,6.506707999506034,0.0,bm25,8,words,200,40,False,0.0
5ac298f9554299657fa28fc9,0.08163265306122448,1.0,0.25,14.33425000141142,14.403916997252963,0.0,bm25,8,words,200,40,False,0.0
5ab6a2be554299710c8d1f08,0.09523809523809523,1.0,0.25,12.070084005245008,12.129957998695318,0.0,bm25,8,words,200,40,False,0.0
5a738d27554299623ed4abf3,0.0,1.0,0.25,7.303541999135632,7.363625001744367,0.0,bm25,8,words,200,40,False,0.0
5ab2a186554299295394677b,0.0,0.5,0.125,12.476292002247646,12.519625001004897,0.0,bm25,8,words,200,40,False,0.0
5a8704f8554299211dda2ba4,0.13043478260869565,1.0,0.25,15.301041996281128,15.369332999398466,0.0,bm25,8,words,200,40,False,0.0
5ab5ed505542997d4ad1f255,0.09756097560975609,1.0,0.25,11.065958002291154,11.115208006231114,0.0,bm25,8,words,200,40,False,0.0
5a77c1505542997042120b1b,0.0,0.5,0.125,15.68845799920382,15.743250005471054,0.0,bm25,8,words,200,40,False,0.0
5a88d745554299206df2b378,0.0,1.0,0.25,7.436249994498212,7.480083004338667,0.0,bm25,8,words,200,40,False,0.0
5ae748d1554299572ea547b0,0.0,1.0,0.25,21.749333005573135,21.792708001157735,0.0,bm25,8,words,200,40,False,0.0
5a7a8a9c554299042af8f666,0.04545454545454545,1.0,0.25,12.39233300293563,12.434999996912666,0.0,bm25,8,words,200,40,False,0.0
5adffe7155429906c02daa9e,0.0,0.5,0.125,15.881250001257285,15.92937499663094,0.0,bm25,8,words,200,40,False,0.0
5ab642845542995eadeeff8e,0.0,1.0,0.25,5.564208004216198,5.616834001557436,0.0,bm25,8,words,200,40,False,0.0
5a906a685542990a9849362e,0.0,0.5,0.125,12.406000001647044,12.460457997804042,0.0,bm25,8,words,200,40,False,0.0
5a7633ad5542992db9473741,0.18604651162790695,0.5,0.125,11.47425000090152,11.536084006365854,0.0,bm25,8,words,200,40,False,0.0
5a74ce9655429974ef308c6c,0.10526315789473684,1.0,0.25,8.524249999027234,8.581750000303145,0.0,bm25,8,words,200,40,False,0.0
5a713a5a5542994082a3e6a9,0.05555555555555555,0.5,0.125,11.223208995943423,11.267000001680572,0.0,bm25,8,words,200,40,False,0.0
5ab341f755429969a97a8114,0.0,1.0,0.2857142857142857,13.18566600093618,13.231291995907668,0.0,bm25,8,words,200,40,False,0.0
5a8325b35542990548d0b18f,0.16666666666666669,1.0,0.25,20.119459004490636,20.161250002274755,0.0,bm25,8,words,200,40,False,0.0
5ab9374b554299131ca422c6,0.0,0.5,0.125,10.469124994415324,10.511667001992464,0.0,bm25,8,words,200,40,False,0.0
5ae52c0f5542992663a4f12e,0.1111111111111111,0.5,0.125,8.42450000345707,8.467040999676101,0.0,bm25,8,words,200,40,False,0.0
5adbfbd555429947ff173893,0.10526315789473684,0.5,0.125,6.805749995692167,6.879540997033473,0.0,bm25,8,words,200,40,False,0.0
5ab7f0015542992aa3b8c88b,0.0,0.0,0.0,6.9449579968932085,7.007792002696078,0.0,bm25,8,words,200,40,False,0.0
5ac547525542993e66e822a3,0.048780487804878044,0.5,0.125,19.466207995719742,19.532375001290347,0.0,bm25,8,words,200,40,False,0.0
5a7cbf8c554299452d57b9f4,0.0,0.5,0.14285714285714285,5.384959004004486,5.426083000202198,0.0,bm25,8,words,200,40,False,0.0
5a7ddc5a5542995f4f4022da,0.05405405405405406,1.0,0.25,10.935874997812789,10.98062499659136,0.0,bm25,8,words,200,40,False,0.0
5a7a1cd85542990783324e65,0.3243243243243243,1.0,0.25,10.376165999332443,10.422041996207554,0.0,bm25,8,words,200,40,False,0.0
5ae0a59a55429945ae9593e2,0.05714285714285715,0.5,0.125,11.592374998144805,11.6280000002007,0.0,bm25,8,words,200,40,False,0.0
5a8b987f5542997f31a41d7a,0.05128205128205128,0.5,0.125,10.609083001327235,10.649458999978378,0.0,bm25,8,words,200,40,False,0.0
5a8739a05542994775f607ab,0.10810810810810811,1.0,0.25,10.218666997388937,10.266207995300647,0.0,bm25,8,words,200,40,False,0.0
5ae67dba55429908198fa5f0,0.0,1.0,0.25,9.670583000115585,9.711457998491824,0.0,bm25,8,words,200,40,False,0.0
5a7b3f4d5542992d025e67bb,0.09756097560975609,1.0,0.25,12.207874999148771,12.277791996893939,0.0,bm25,8,words,200,40,False,0.0
5ae2dfd155429928c423951b,0.047619047619047616,1.0,0.25,16.14049999625422,16.184375002922025,0.0,bm25,8,words,200,40,False,0.0
5ab6ba245542995eadef007f,0.0,1.0,0.25,5.789499999082182,5.830249996506609,0.0,bm25,8,words,200,40,False,0.0
5ab8854555429934fafe6e0c,0.0,1.0,0.25,10.596000000077765,10.635500002535991,0.0,bm25,8,words,200,40,False,0.0
5a8eea4a5542990e94052bb7,0.08333333333333333,1.0,0.25,13.974957997561432,14.016124994668644,0.0,bm25,8,words,200,40,False,0.0
5a74c85055429916b0164218,0.0,0.0,0.0,10.189542001171503,10.226042002614122,0.0,bm25,8,words,200,40,False,0.0
5a88dcf9554299206df2b383,0.05,1.0,0.25,8.36074999824632,8.398500001931097,0.0,bm25,8,words,200,40,False,0.0
5a7625c7554299109176e668,0.0,0.5,0.14285714285714285,8.042207999096718,8.077292004600167,0.0,bm25,8,words,200,40,False,0.0
5ac0d83a554299294b219038,0.0,0.5,0.125,10.492125002201647,10.560290997091215,0.0,bm25,8,words,200,40,False,0.0
5a790d8f554299029c4b5eec,0.09523809523809523,1.0,0.25,10.200791999523062,10.245208002743311,0.0,bm25,8,words,200,40,False,0.0
5ab2c5e255429916697740ba,0.09090909090909091,1.0,0.25,12.041707996104378,12.087625000276603,0.0,bm25,8,words,200,40,False,0.0
5abcfc365542993a06baf9d6,0.0,0.0,0.0,12.563166994368657,12.629707998712547,0.0,bm25,8,words,200,40,False,0.0
5a8ee6915542990e94052bad,0.0,1.0,0.25,24.603459001809824,24.67491599963978,0.0,bm25,8,words,200,40,False,0.0
5abba4855542993f40c73b68,0.0,0.5,0.14285714285714285,16.25183299620403,16.313291002006736,0.0,bm25,8,words,200,40,False,0.0
5ae0bae555429906c02dab08,0.0,0.5,0.125,14.00850000209175,14.05545900342986,0.0,bm25,8,words,200,40,False,0.0
5ab271fe554299449642c8a6,0.0,1.0,0.25,11.002833001839463,11.079332994995639,0.0,bm25,8,words,200,40,False,0.0
5a7997a2554299029c4b5f59,0.0,1.0,0.25,11.899458004336338,11.93966600112617,0.0,bm25,8,words,200,40,False,0.0
5add673e5542992ae4cec54d,0.13333333333333333,1.0,0.25,12.04816600511549,12.134332995628938,0.0,bm25,8,words,200,40,False,0.0
5ae819ac55429952e35eaa16,0.0,1.0,0.2857142857142857,14.575041997886728,14.645333001681138,0.0,bm25,8,words,200,40,False,0.0
5aba65a055429939ce03dcd2,0.0,0.5,0.125,7.880832999944687,7.939000002807006,0.0,bm25,8,words,200,40,False,0.0
5a87bada5542994846c1cddc,0.0,1.0,0.25,13.726042001508176,13.766083000518847,0.0,bm25,8,words,200,40,False,0.0
5ae74fc45542997b22f6a6b4,0.0,1.0,0.25,13.007417001063004,13.07562500005588,0.0,bm25,8,words,200,40,False,0.0
5adf65555542992d7e9f9334,0.0,0.5,0.125,10.964250002871267,11.013541996362619,0.0,bm25,8,words,200,40,False,0.0
5ade69e455429975fa854ec5,0.0,0.5,0.125,9.558083002048079,9.610624998458661,0.0,bm25,8,words,200,40,False,0.0
5ae057fd55429945ae959328,0.0,0.5,0.125,6.986250002228189,7.026249993941747,0.0,bm25,8,words,200,40,False,0.0
5ab28019554299722f9b4d51,0.0,0.0,0.0,10.42704200517619,10.466458996233996,0.0,bm25,8,words,200,40,False,0.0
5a75f79555429976ec32bcca,0.048780487804878044,0.5,0.125,10.003041003074031,10.072500001115259,0.0,bm25,8,words,200,40,False,0.0
5adef80b5542993a75d263c4,0.0,1.0,0.25,11.384500001440756,11.431207996793091,0.0,bm25,8,words,200,40,False,0.0
5ae0aaf455429945ae959401,0.12903225806451613,1.0,0.2857142857142857,8.362792003026698,8.415457996306941,0.0,bm25,8,words,200,40,False,0.0
5ab47d765542991751b4d78f,0.0,0.5,0.125,8.511833002557978,8.554374995583203,0.0,bm25,8,words,200,40,False,0.0
5a7ed2c655429930675135e5,0.05128205128205129,1.0,0.2857142857142857,12.996207995456643,13.050749999820255,0.0,bm25,8,words,200,40,False,0.0
5ac3e0f7554299194317388b,0.0,1.0,0.25,7.874125003581867,7.917999995697755,0.0,bm25,8,words,200,40,False,0.0
5a7bae20554299294a54aa96,0.0,0.5,0.14285714285714285,8.702083003299776,8.741917001316324,0.0,bm25,8,words,200,40,False,0.0
5ab8ee035542991b5579f04b,0.0,0.5,0.125,7.376749999821186,7.415291001962032,0.0,bm25,8,words,200,40,False,0.0
5a7a276d5542996c55b2dd27,0.21052631578947367,0.5,0.125,8.286417003546376,8.330084005137905,0.0,bm25,8,words,200,40,False,0.0
5a717d4c5542994082a3e854,0.0,1.0,0.2857142857142857,7.897750001575332,7.967958001245279,0.0,bm25,8,words,200,40,False,0.0
5ac02e31554299294b218f3f,0.0,1.0,0.25,16.537582996534184,16.593041997111868,0.0,bm25,8,words,200,40,False,0.0
5a79ea435542996c55b2dc9e,0.041666666666666664,1.0,0.25,9.90537499455968,9.95929200144019,0.0,bm25,8,words,200,40,False,0.0
5ab7e4dc5542995dae37e9df,0.0,1.0,0.25,12.284875003388152,12.324916999205016,0.0,bm25,8,words,200,40,False,0.0
5a834ed95542990548d0b1ca,0.0,1.0,0.25,9.256083001673687,9.301665995735675,0.0,bm25,8,words,200,40,False,0.0
5ab41d855542996a3a969f4b,0.0,0.5,0.125,13.238540996098891,13.294707998284139,0.0,bm25,8,words,200,40,False,0.0
5a7b7ff75542995eb53be93d,0.13636363636363635,0.5,0.125,7.375458997557871,7.423957998980768,0.0,bm25,8,words,200,40,False,0.0
5a7d19d85542995ed0d165e8,0.0,0.5,0.125,10.264915996231139,10.315999999875203,0.0,bm25,8,words,200,40,False,0.0
5ae7ed17554299540e5a56a3,0.0,0.5,0.14285714285714285,10.770624998258427,10.812250002345536,0.0,bm25,8,words,200,40,False,0.0
5ab2659e554299340b5254b2,0.13793103448275862,1.0,0.25,13.43254200037336,13.47916699887719,0.0,bm25,8,words,200,40,False,0.0
5abd2eab5542992ac4f38210,0.0,1.0,0.25,8.934583005611785,8.984624997538049,0.0,bm25,8,words,200,40,False,0.0
5abaf3195542996cc5e49f2c,0.0,0.5,0.125,10.779708994959947,10.823040996911004,0.0,bm25,8,words,200,40,False,0.0
5a791a97554299148911f9f2,0.0,1.0,0.25,12.286500001209788,12.33741600299254,0.0,bm25,8,words,200,40,False,0.0
5adf58f15542993a75d264d2,0.0,0.5,0.125,10.43500000378117,10.495124995941296,0.0,bm25,8,words,200,40,False,0.0
5adc65e85542996e68525350,0.0,1.0,0.25,37.77687499677995,37.83991699310718,0.0,bm25,8,words,200,40,False,0.0
5a87ab9b5542996e4f3088c2,0.05405405405405406,1.0,0.25,19.45891699870117,19.507708995661233,0.0,bm25,8,words,200,40,False,0.0
5a738fe855429908901be2fb,0.0,0.5,0.125,9.958583999832626,10.011625003244262,0.0,bm25,8,words,200,40,False,0.0
5a8c65a1554299585d9e3680,0.10256410256410257,1.0,0.25,15.764167001179885,15.812000005098525,0.0,bm25,8,words,200,40,False,0.0
5ac2bbd0554299218029db09,0.0,0.5,0.125,6.864666996989399,6.909625000844244,0.0,bm25,8,words,200,40,False,0.0
5adf3e355542993a75d26440,0.0,0.5,0.125,10.264750002534129,10.316415995475836,0.0,bm25,8,words,200,40,False,0.0
5ae82ae555429952e35eaa71,0.0,0.5,0.16666666666666666,13.019958998484071,13.098415998683777,0.0,bm25,8,words,200,40,False,0.0
5ac289ff5542996366519a02,0.07407407407407407,1.0,0.25,8.940832994994707,8.979500002169516,0.0,bm25,8,words,200,40,False,0.0
5a7a5b3a5542996c55b2dd71,0.0,0.5,0.125,9.296584001276642,9.351458000310231,0.0,bm25,8,words,200,40,False,0.0
5ab8688b55429934fafe6daa,0.05405405405405406,1.0,0.25,9.60391700209584,9.642249999160413,0.0,bm25,8,words,200,40,False,0.0
5a7a3a945542996a35c17147,0.0,0.5,0.125,17.3966250004014,17.441290998249315,0.0,bm25,8,words,200,40,False,0.0
5ab9b29c554299743d22ebae,0.15384615384615385,1.0,0.25,8.20495900552487,8.249792001151945,0.0,bm25,8,words,200,40,False,0.0
5a8b63fa55429950cd6afcd7,0.0,0.5,0.125,8.572375001676846,8.63933300570352,0.0,bm25,8,words,200,40,False,0.0
5ade51b45542997c77adedf4,0.0,0.5,0.125,12.66054200095823,12.705916997219902,0.0,bm25,8,words,200,40,False,0.0
5ae4c49a5542995dadf24400,0.0,0.5,0.14285714285714285,16.74062500387663,16.801582998596132,0.0,bm25,8,words,200,40,False,0.0
5a7d3470554299452d57bb56,0.0,1.0,0.25,17.47416699799942,17.53199999802746,0.0,bm25,8,words,200,40,False,0.0
5ae4f2c75542993aec5ec0fb,0.10526315789473684,0.5,0.125,14.600374997826293,14.660875000117812,0.0,bm25,8,words,200,40,False,0.0
5ab1d7ac554299449642c7e6,0.0,0.5,0.125,6.0567920008907095,6.0977079992881045,0.0,bm25,8,words,200,40,False,0.0
5a85cead5542991dd0999ea9,0.047619047619047616,0.5,0.16666666666666666,14.922875001502689,14.980208994529676,0.0,bm25,8,words,200,40,False,0.0
5a73a7c755429978a71e9068,0.0,0.5,0.125,10.596457999781705,10.653124998498242,0.0,bm25,8,words,200,40,False,0.0
5a7f113d55429934daa2fcbe,0.0,0.5,0.125,14.02833299653139,14.082875000895001,0.0,bm25,8,words,200,40,False,0.0
5ae6828f5542996d980e7bb9,0.0,1.0,0.25,13.284749999002088,13.335582996660378,0.0,bm25,8,words,200,40,False,0.0
5ab31864554299233954ff06,0.0,0.5,0.125,6.040542000846472,6.113625000580214,0.0,bm25,8,words,200,40,False,0.0
5abe239355429976d4830a7d,0.0,0.5,0.125,13.89654100057669,13.950041000498459,0.0,bm25,8,words,200,40,False,0.0
5ac2659b55429963665199a1,0.0,1.0,0.25,12.001832998066675,12.05258299887646,0.0,bm25,8,words,200,40,False,0.0
5ae058e855429945ae959331,0.0,0.5,0.125,5.373416999645997,5.415625004388858,0.0,bm25,8,words,200,40,False,0.0
5a7b8749554299294a54a9db,0.23076923076923078,0.5,0.125,7.912832996225916,7.948208003654145,0.0,bm25,8,words,200,40,False,0.0
5a864ff7554299211dda2af2,0.05405405405405405,1.0,0.25,16.75954199890839,16.853250002895948,0.0,bm25,8,words,200,40,False,0.0
5ae4d3c95542990ba0bbb165,0.10526315789473684,1.0,0.25,13.534707999497186,13.592250004876405,0.0,bm25,8,words,200,40,False,0.0
5ab7f97a5542991d322237ef,0.19999999999999998,1.0,0.25,6.130916997790337,6.1727089996566065,0.0,bm25,8,words,200,40,False,0.0
5a7b46e55542995eb53be8e5,0.05714285714285715,1.0,0.25,13.194874998589512,13.251832999230828,0.0,bm25,8,words,200,40,False,0.0
5a879ba55542993e715abfc3,0.0,0.5,0.125,8.069250005064532,8.13116600329522,0.0,bm25,8,words,200,40,False,0.0
5ae4563e5542996836b02c7f,0.0,1.0,0.25,15.577999998640735,15.627749999111984,0.0,bm25,8,words,200,40,False,0.0
5ab6ff3a5542991d3222372a,0.05263157894736842,1.0,0.25,11.492458994325716,11.552458003279753,0.0,bm25,8,words,200,40,False,0.0
5a7a46605542994f819ef1ad,0.0,0.0,0.0,11.565624998183921,11.612917005550116,0.0,bm25,8,words,200,40,False,0.0
5ade7a435542997c77adee3a,0.05263157894736842,0.5,0.125,14.463915998931043,14.516916999127716,0.0,bm25,8,words,200,40,False,0.0
5ac1795f5542994ab5c67d5f,0.1081081081081081,1.0,0.25,12.395999998261686,12.448417000996415,0.0,bm25,8,words,200,40,False,0.0
5ab1e984554299340b525428,0.0,0.5,0.125,5.854834002093412,5.898625000554603,0.0,bm25,8,words,200,40,False,0.0
5a86769c5542994775f60776,0.0,0.5,0.125,12.268250000488479,12.335916995652951,0.0,bm25,8,words,200,40,False,0.0
5ab7da6f55429928e1fe3928,0.15384615384615383,1.0,0.25,13.209624994487967,13.277791003929451,0.0,bm25,8,words,200,40,False,0.0
5ae497f15542995ad6573db8,0.0,0.5,0.125,7.4763329976121895,7.532999996328726,0.0,bm25,8,words,200,40,False,0.0
5ae6f2a7554299572ea5464a,0.0,1.0,0.2857142857142857,17.61350000015227,17.66141699772561,0.0,bm25,8,words,200,40,False,0.0
5adea9ea55429939a52fe934,0.0,0.5,0.125,15.558291001070756,15.617625002050772,0.0,bm25,8,words,200,40,False,0.0
5a7caae75542996dd594b971,0.0,0.0,0.0,6.758499999705236,6.810291997680906,0.0,bm25,8,words,200,40,False,0.0
5ac01bb8554299012d1db5a6,0.14634146341463414,1.0,0.25,15.863832995819394,15.913666000415105,0.0,bm25,8,words,200,40,False,0.0
5abc3a65554299700f9d782d,0.0,1.0,0.25,10.486416998901404,10.524915996938944,0.0,bm25,8,words,200,40,False,0.0
5ae3ff575542995dadf242aa,0.0,0.5,0.125,13.454499996441882,13.496749998012092,0.0,bm25,8,words,200,40,False,0.0
5a89fb525542993b751ca9d6,0.1081081081081081,1.0,0.25,10.211542001343332,10.253458000079263,0.0,bm25,8,words,200,40,False,0.0
5ab3d69255429969a97a81c9,0.0,0.5,0.125,11.577042001590598,11.654875001113396,0.0,bm25,8,words,200,40,False,0.0
5ac5199a5542994611c8b38a,0.0,1.0,0.25,6.840292000561021,6.877207997604273,0.0,bm25,8,words,200,40,False,0.0
5ae048a255429924de1b708e,0.0,0.5,0.125,11.415624998335261,11.464124996564351,0.0,bm25,8,words,200,40,False,0.0
5a9068a95542990a98493621,0.0,0.5,0.125,11.160750000271946,11.233666999032721,0.0,bm25,8,words,200,40,False,0.0
5adf9dc3554299025d62a2e6,0.0,0.5,0.125,18.34933299687691,18.39316700352356,0.0,bm25,8,words,200,40,False,0.0
5ae406245542995dadf242e2,0.0,1.0,0.25,11.348791995260399,11.427999997977167,0.0,bm25,8,words,200,40,False,0.0
5ab6369655429953192ad2a1,0.05405405405405406,1.0,0.25,6.222584001079667,6.258374996832572,0.0,bm25,8,words,200,40,False,0.0
5ae628f55542995703ce8b32,0.0,1.0,0.25,11.076540999056306,11.114875000203028,0.0,bm25,8,words,200,40,False,0.0
5adccdd55542992c1e3a2408,0.0,1.0,0.25,11.695749999489635,11.754957995435689,0.0,bm25,8,words,200,40,False,0.0
5abd1529554299114383a1e3,0.0,0.5,0.125,7.310083004995249,7.365666002442595,0.0,bm25,8,words,200,40,False,0.0
5a78db8055429970f5fffdb2,0.0,0.5,0.14285714285714285,10.116833000211045,10.158666002098471,0.0,bm25,8,words,200,40,False,0.0
5ab9debb55429955dce3ed97,0.0,1.0,0.2857142857142857,11.35200000135228,11.397624999517575,0.0,bm25,8,words,200,40,False,0.0
5ae791ef55429952e35ea979,0.0,1.0,0.25,15.376250004919712,15.420499999891035,0.0,bm25,8,words,200,40,False,0.0
5ab8f7535542991b5579f0a7,0.10256410256410257,1.0,0.2857142857142857,8.836792003421579,8.878749998984858,0.0,bm25,8,words,200,40,False,0.0
5ac119335542992a796dede4,0.0,0.5,0.125,9.710125006677117,9.801166997931432,0.0,bm25,8,words,200,40,False,0.0
5a7d2afd5542995f4f402221,0.16,1.0,0.25,5.746875001932494,5.7890829993993975,0.0,bm25,8,words,200,40,False,0.0
5a8dd5f955429917b4a5bcc7,0.0,0.5,0.125,10.323499998776242,10.406500005046837,0.0,bm25,8,words,200,40,False,0.0
5a83a532554299334474606f,0.25641025641025644,0.5,0.125,10.518291994230822,10.565666998445522,0.0,bm25,8,words,200,40,False,0.0
5a90692f5542990a98493625,0.0,1.0,0.25,8.282083006633911,8.325249997142237,0.0,bm25,8,words,200,40,False,0.0
5a7555215542996c70cfaee1,0.4615384615384615,1.0,0.25,9.45579200197244,9.494999998423737,0.0,bm25,8,words,200,40,False,0.0
5a90580655429933b8a204ef,0.0,0.5,0.125,9.527542002615519,9.574124997016042,0.0,bm25,8,words,200,40,False,0.0
5a88e605554299206df2b39c,0.04761904761904762,1.0,0.25,13.601792001281865,13.68608299526386,0.0,bm25,8,words,200,40,False,0.0
5add67915542992200553af8,0.09302325581395349,0.5,0.125,8.687500005180482,8.745999999518972,0.0,bm25,8,words,200,40,False,0.0
5a8463545542990548d0b2a3,0.1142857142857143,1.0,0.25,14.679374995466787,14.725834000273608,0.0,bm25,8,words,200,40,False,0.0
5a74684655429929fddd8410,0.0,0.5,0.125,10.893292004766408,10.937166996882297,0.0,bm25,8,words,200,40,False,0.0
5a835c9f5542992ef85e228a,0.0,1.0,0.2857142857142857,12.754957999277394,12.800167001842055,0.0,bm25,8,words,200,40,False,0.0
5ae7edee554299540e5a56ad,0.0,1.0,0.25,12.9564999951981,13.034790994424839,0.0,bm25,8,words,200,40,False,0.0
5a8ee4315542990e94052ba7,0.05405405405405406,1.0,0.25,14.83104199724039,14.883334006299265,0.0,bm25,8,words,200,40,False,0.0
5a8cb288554299585d9e3726,0.0,0.5,0.125,17.246707997401245,17.328750000160653,0.0,bm25,8,words,200,40,False,0.0
5adfbca255429942ec259b2c,0.0,0.5,0.125,10.756457995739765,10.811792002641596,0.0,bm25,8,words,200,40,False,0.0
5ae24abc5542994d89d5b3c3,0.13636363636363635,0.5,0.125,9.344208003312815,9.408791003806982,0.0,bm25,8,words,200,40,False,0.0
5ab802085542990e739ec7ca,0.0,0.5,0.125,12.20866700168699,12.269958002434578,0.0,bm25,8,words,200,40,False,0.0
5adfa3da554299025d62a317,0.0,0.5,0.125,10.561417002463713,10.609209006361198,0.0,bm25,8,words,200,40,False,0.0
5a76e88555429972597f13f4,0.1,1.0,0.25,9.631125001760665,9.67704100185074,0.0,bm25,8,words,200,40,False,0.0
5ac3ae475542995ef918c1e5,0.0,1.0,0.25,6.932791002327576,6.993292001425289,0.0,bm25,8,words,200,40,False,0.0
5abffc41554299012d1db551,0.0,0.5,0.125,9.2387919939938,9.288875000493135,0.0,bm25,8,words,200,40,False,0.0
5ae4c39f5542995dadf243fb,0.0,0.5,0.125,5.997375003062189,6.042207998689264,0.0,bm25,8,words,200,40,False,0.0
5a79c6a55542994bb9457091,0.0,1.0,0.25,15.813457997865044,15.856500001973473,0.0,bm25,8,words,200,40,False,0.0
5a7be5bd5542997c3ec972ba,0.3111111111111111,1.0,0.25,8.996041004138533,9.045083003002219,0.0,bm25,8,words,200,40,False,0.0
5a7ec61a55429934daa2fc5f,0.0,1.0,0.25,7.662374999199528,7.70816599833779,0.0,bm25,8,words,200,40,False,0.0
5a7cb9b95542990527d55515,0.0,0.5,0.125,13.789291995635722,13.841833002516069,0.0,bm25,8,words,200,40,False,0.0
5a867089554299211dda2b30,0.0,1.0,0.25,8.399958001973573,8.454416994936764,0.0,bm25,8,words,200,40,False,0.0
5ae1801955429901ffe4aec4,0.0,0.5,0.125,7.975749998877291,8.043583999096882,0.0,bm25,8,words,200,40,False,0.0
5a76387d554299109176e6ba,0.0,1.0,0.25,8.451333000266459,8.496750000631437,0.0,bm25,8,words,200,40,False,0.0
5abd0d635542992ac4f381b8,0.0,0.5,0.125,18.964791001053527,19.01766700029839,0.0,bm25,8,words,200,40,False,0.0
5ae68fcb5542992ae0d1635b,0.0,0.5,0.125,7.027583000308368,7.107292003638577,0.0,bm25,8,words,200,40,False,0.0
5ab28b12554299449642c8ee,0.0,1.0,0.25,10.399500002677087,10.445874999277294,0.0,bm25,8,words,200,40,False,0.0
5a7133565542994082a3e65c,0.1142857142857143,1.0,0.25,8.9985830054502,9.042707999469712,0.0,bm25,8,words,200,40,False,0.0
5abbd3ac55429931dba1458b,0.0,1.0,0.25,11.38645799801452,11.430332997406367,0.0,bm25,8,words,200,40,False,0.0
5a85ab905542994c784ddb35,0.058823529411764705,1.0,0.25,41.53220799344126,41.58658400410786,0.0,bm25,8,words,200,40,False,0.0
5a8d93ad554299653c1aa13d,0.0,0.0,0.0,8.047374998568557,8.096500001556706,0.0,bm25,8,words,200,40,False,0.0
5a886886554299206df2b258,0.0,1.0,0.2857142857142857,11.27670900314115,11.326624997309409,0.0,bm25,8,words,200,40,False,0.0
5a7c6bcc55429935c91b519c,0.0,0.5,0.125,9.904624996124767,9.948375001840759,0.0,bm25,8,words,200,40,False,0.0
5a825bb455429940e5e1a874,0.0,0.5,0.125,9.278375000576489,9.327584004495293,0.0,bm25,8,words,200,40,False,0.0
5a72a0be5542992359bc3143,0.0,1.0,0.25,19.703208999999333,19.74999999947613,0.0,bm25,8,words,200,40,False,0.0
5ade15f35542997545bbbe47,0.0,1.0,0.2857142857142857,6.166667000798043,6.205666999449022,0.0,bm25,8,words,200,40,False,0.0
5a77cb5e55429967ab1052a7,0.0,0.5,0.125,9.442374997888692,9.482333000050858,0.0,bm25,8,words,200,40,False,0.0
5a83aaeb5542996488c2e483,0.0,1.0,0.25,8.29358399641933,8.36712500313297,0.0,bm25,8,words,200,40,False,0.0
5ac4392e5542997ea680ca32,0.0,1.0,0.25,7.2363330036750995,7.277292002981994,0.0,bm25,8,words,200,40,False,0.0
5a7f5c9f55429969796c1a0f,0.05555555555555555,1.0,0.25,8.657667000079527,8.70016700355336,0.0,bm25,8,words,200,40,False,0.0
5a8b770f5542995d1e6f13a7,0.0,0.5,0.125,5.686917000275571,5.751584001700394,0.0,bm25,8,words,200,40,False,0.0
5ae3dc205542992f92d823a1,0.046511627906976744,0.5,0.125,11.420165996241849,11.465249997854698,0.0,bm25,8,words,200,40,False,0.0
5a7cf29255429909bec768b8,0.0,0.5,0.125,9.571916001732461,9.612417001335416,0.0,bm25,8,words,200,40,False,0.0
5a79f6ca554299029c4b5f90,0.047619047619047616,0.5,0.125,9.66274999518646,9.70729099935852,0.0,bm25,8,words,200,40,False,0.0
5a8e3dc05542995085b37401,0.0,0.5,0.125,7.052332999592181,7.095832996128593,0.0,bm25,8,words,200,40,False,0.0
5ade24e35542992fa25da6e6,0.0,0.5,0.125,9.2995420054649,9.343958998215385,0.0,bm25,8,words,200,40,False,0.0
5ab5f854554299637185c64e,0.05,1.0,0.25,7.887665997259319,7.931874999485444,0.0,bm25,8,words,200,40,False,0.0
5ab5b6c1554299637185c5e5,0.13043478260869565,1.0,0.25,7.952166997711174,7.994332998350728,0.0,bm25,8,words,200,40,False,0.0
5ae25ed15542992decbdccd2,0.0,1.0,0.25,8.88633300201036,8.911500000976957,0.0,bm25,8,words,200,40,False,0.0
5ab808ea5542991d3222380e,0.0,1.0,0.2857142857142857,9.539667000353802,9.580917001585476,0.0,bm25,8,words,200,40,False,0.0
5ae5072e55429960a22e0246,0.0,0.5,0.125,8.375833000172861,8.416500000748783,0.0,bm25,8,words,200,40,False,0.0
5ac01bca5542992a796dec8d,0.15,1.0,0.25,8.257417001004796,8.298791995912325,0.0,bm25,8,words,200,40,False,0.0
5adf34d35542993a75d26425,0.13636363636363635,0.5,0.125,9.990875005314592,10.04254200233845,0.0,bm25,8,words,200,40,False,0.0
5add67555542992ae4cec54e,0.21739130434782605,1.0,0.25,9.29316700057825,9.337542003777344,0.0,bm25,8,words,200,40,False,0.0
5a8085705542992bc0c4a74b,0.05,1.0,0.25,9.396916000696365,9.438417000637855,0.0,bm25,8,words,200,40,False,0.0
5a756fa15542996c70cfaefb,0.0,0.5,0.125,8.808582999336068,8.901624998543411,0.0,bm25,8,words,200,40,False,0.0
5a7f6eab5542992097ad2f66,0.044444444444444446,0.5,0.14285714285714285,15.94904199737357,15.995166999346111,0.0,bm25,8,words,200,40,False,0.0
5ae5e1345542996de7b71a50,0.1142857142857143,1.0,0.25,9.449124998354819,9.495334001258016,0.0,bm25,8,words,200,40,False,0.0
5a72c6f65542994cef4bc402,0.0,0.5,0.125,6.449166998208966,6.483708006271627,0.0,bm25,8,words,200,40,False,0.0
5a80ad7c5542992097ad3018,0.0,0.5,0.14285714285714285,10.58033300068928,10.618749998684507,0.0,bm25,8,words,200,40,False,0.0
5a77a65b5542992a6e59df57,0.0,1.0,0.25,11.58433299860917,11.63004199770512,0.0,bm25,8,words,200,40,False,0.0
5a78b209554299148911f93e,0.1111111111111111,0.5,0.125,7.694749998336192,7.743500005744863,0.0,bm25,8,words,200,40,False,0.0
5ab85a1155429934fafe6d7c,0.0,0.5,0.125,7.108333003998268,7.150416997319553,0.0,bm25,8,words,200,40,False,0.0
5a8da81e554299068b959d7e,0.05405405405405406,1.0,0.25,11.359625001205131,11.402916999941226,0.0,bm25,8,words,200,40,False,0.0
5ab8f57b5542991b5579f097,0.0,1.0,0.25,7.040249998681247,7.083250005962327,0.0,bm25,8,words,200,40,False,0.0
5ab6bf6d55429953192ad372,0.0,1.0,0.25,5.410958001448307,5.446041999675799,0.0,bm25,8,words,200,40,False,0.0
5ae7385d5542992ae0d163da,0.0,0.5,0.14285714285714285,10.486040999239776,10.53079199482454,0.0,bm25,8,words,200,40,False,0.0
5a7dd9445542997cc2c474ac,0.05128205128205127,0.5,0.14285714285714285,12.69045800290769,12.734249998175073,0.0,bm25,8,words,200,40,False,0.0
5ab446d455429942dd415f07,0.0,1.0,0.25,15.732458996353671,15.778458000568207,0.0,bm25,8,words,200,40,False,0.0
5ac497025542997ea680ca8d,0.04545454545454545,0.5,0.125,10.561124996456783,10.607207994326018,0.0,bm25,8,words,200,40,False,0.0
5a7b7bed5542997c3ec971bc,0.08695652173913045,1.0,0.25,9.75204099813709,9.791916992980987,0.0,bm25,8,words,200,40,False,0.0
5a89706055429951533612f9,0.0,0.5,0.125,6.637999998929445,6.6785839953809045,0.0,bm25,8,words,200,40,False,0.0
5ac02edb554299294b218f41,0.09302325581395349,1.0,0.3333333333333333,10.96266700187698,11.035541996534448,0.0,bm25,8,words,200,40,False,0.0
5ab67772554299110f219a12,0.09523809523809523,0.5,0.125,8.534124994184822,8.582458998716902,0.0,bm25,8,words,200,40,False,0.0
5a7b65ab5542997c3ec97144,0.0,0.5,0.125,8.047540999541525,8.088416994723957,0.0,bm25,8,words,200,40,False,0.0
5a760faa5542994ccc9186a8,0.0,0.5,0.125,7.842833001632243,7.885999999416526,0.0,bm25,8,words,200,40,False,0.0
5adbe1a7554299438c868cc3,0.1,0.5,0.125,14.514583002892323,14.564625002094544,0.0,bm25,8,words,200,40,False,0.0
5a80aeff5542996402f6a5eb,0.04545454545454545,0.5,0.125,9.801833002711646,9.840582999459002,0.0,bm25,8,words,200,40,False,0.0
5ae74890554299572ea547af,0.0,0.5,0.125,17.205249998369254,17.28762499988079,0.0,bm25,8,words,200,40,False,0.0
5ac3d9c9554299204fd21ea3,0.12121212121212122,1.0,0.25,7.246958004543558,7.300083998416085,0.0,bm25,8,words,200,40,False,0.0
5abc8620554299700f9d78e2,0.05555555555555556,1.0,0.25,8.953042000939604,8.997458004159853,0.0,bm25,8,words,200,40,False,0.0
5a7b4bc35542992d025e67e0,0.05128205128205127,1.0,0.25,8.642000000691041,8.69908300228417,0.0,bm25,8,words,200,40,False,0.0
5a85dfcc5542994775f60673,0.0,1.0,0.25,13.942042001872323,13.996291003422812,0.0,bm25,8,words,200,40,False,0.0
5a7b76735542997c3ec9719f,0.09302325581395349,0.5,0.125,7.445250004820991,7.495958998333663,0.0,bm25,8,words,200,40,False,0.0
5a8c66db554299585d9e3683,0.0,0.5,0.125,8.394791999307927,8.445542000117712,0.0,bm25,8,words,200,40,False,0.0
5a7e05ba5542995f4f402392,0.09302325581395347,0.5,0.125,11.306375003186986,11.360999997123145,0.0,bm25,8,words,200,40,False,0.0
5a88a4245542997e5c09a668,0.058823529411764705,1.0,0.25,9.01345799502451,9.06554199900711,0.0,bm25,8,words,200,40,False,0.0
5a8799c55542996e4f308877,0.10256410256410257,1.0,0.25,7.284000006620772,7.338374998653308,0.0,bm25,8,words,200,40,False,0.0
5ac038db554299294b218f57,0.0,0.5,0.14285714285714285,9.000915997603443,9.053833004145417,0.0,bm25,8,words,200,40,False,0.0
5a764c0b55429976ec32bd89,0.13636363636363638,1.0,0.25,9.02374999714084,9.069125000678468,0.0,bm25,8,words,200,40,False,0.0
5a77309d55429972597f1487,0.20512820512820512,1.0,0.25,8.035624996409751,8.1057920033345,0.0,bm25,8,words,200,40,False,0.0
5ab7bae95542993667793ff4,0.044444444444444446,0.5,0.125,11.440666996350046,11.509209005453158,0.0,bm25,8,words,200,40,False,0.0
5a7c9f325542990527d554e6,0.046511627906976744,0.0,0.0,12.954417004948482,12.999166996451095,0.0,bm25,8,words,200,40,False,0.0
5a8f69b55542997ba9cb324f,0.11764705882352941,0.5,0.14285714285714285,9.295249998103827,9.34275000327034,0.0,bm25,8,words,200,40,False,0.0
5adbda2755429944faac2385,0.14285714285714288,1.0,0.25,9.739499997522216,9.796250000363216,0.0,bm25,8,words,200,40,False,0.0
5ab67bd355429954757d32f2,0.0,1.0,0.2857142857142857,13.786375006020535,13.839250001183245,0.0,bm25,8,words,200,40,False,0.0
5a90843c5542995651fb517e,0.0,0.5,0.125,8.984916996269021,9.02920900261961,0.0,bm25,8,words,200,40,False,0.0
5a8324815542990548d0b184,0.0,0.5,0.125,10.850165999727324,10.912124998867512,0.0,bm25,8,words,200,40,False,0.0
5adf4a275542993a75d26498,0.0,0.5,0.125,11.828417002107017,11.876165997819044,0.0,bm25,8,words,200,40,False,0.0
5ae4c5595542990ba0bbb123,0.0,1.0,0.25,9.38279100228101,9.450582998397294,0.0,bm25,8,words,200,40,False,0.0
5ab5057b5542991779162d56,0.19999999999999998,0.5,0.125,6.492791006166954,6.5374999976484105,0.0,bm25,8,words,200,40,False,0.0
5a837d9a554299123d8c213e,0.0,1.0,0.25,11.70408300095005,11.774334001529496,0.0,bm25,8,words,200,40,False,0.0
5a81ebee554299676cceb16d,0.25,0.5,0.125,11.886708001838997,11.929457999940496,0.0,bm25,8,words,200,40,False,0.0
5ab48c325542996a3a969f93,0.0,0.5,0.125,6.491832995379809,6.529291997139808,0.0,bm25,8,words,200,40,False,0.0
5a8488f45542992a431d1a47,0.05555555555555555,0.5,0.14285714285714285,9.920416996465065,9.980208000342827,0.0,bm25,8,words,200,40,False,0.0
5abe689a55429976d4830b16,0.1081081081081081,1.0,0.25,9.838499994657468,9.894082999380771,0.0,bm25,8,words,200,40,False,0.0
5a7a014a5542996c55b2dccf,0.0,1.0,0.25,11.357707997376565,11.402957999962382,0.0,bm25,8,words,200,40,False,0.0
5a895d305542993b751ca931,0.03921568627450981,0.5,0.125,7.068333005008753,7.116790999134537,0.0,bm25,8,words,200,40,False,0.0
5a85c3a15542992a431d1b97,0.0,1.0,0.25,10.68574999953853,10.739999997895211,0.0,bm25,8,words,200,40,False,0.0
5ae32b6755429928c4239644,0.05128205128205128,1.0,0.25,9.965207995264791,10.00341700273566,0.0,bm25,8,words,200,40,False,0.0
5a8d02cc554299441c6b9fb6,0.0,0.5,0.125,12.870541999291163,12.912666003103368,0.0,bm25,8,words,200,40,False,0.0
5a78daf855429970f5fffdae,0.11764705882352941,1.0,0.25,6.91904200357385,6.9560830015689135,0.0,bm25,8,words,200,40,False,0.0
5adc094a55429947ff1738c0,0.0,0.5,0.125,6.295416998909786,6.335540994768962,0.0,bm25,8,words,200,40,False,0.0
5ae77c245542997b22f6a795,0.0,0.0,0.0,9.56820799910929,9.636709000915289,0.0,bm25,8,words,200,40,False,0.0
5a88f9555542995153361214,0.04545454545454545,0.5,0.125,12.026374999550171,12.076042003172915,0.0,bm25,8,words,200,40,False,0.0
5a874ce15542996432c57256,0.0,0.0,0.0,10.918833999312483,10.978874997817911,0.0,bm25,8,words,200,40,False,0.0
5a7e7ed05542991319bc94c2,0.43902439024390244,1.0,0.25,6.545708005432971,6.588791999092791,0.0,bm25,8,words,200,40,False,0.0
5abf44025542993fe9a41def,0.11764705882352941,1.0,0.25,8.59429200500017,8.634958998300135,0.0,bm25,8,words,200,40,False,0.0
5ab531cc5542990594ba9d23,0.0,0.5,0.125,11.140208000142593,11.200958993867971,0.0,bm25,8,words,200,40,False,0.0
5a90605d5542995651fb514d,0.04166666666666667,0.5,0.125,12.30733300326392,12.358833999314811,0.0,bm25,8,words,200,40,False,0.0
5ac45b58554299076e296dad,0.0,0.5,0.125,7.86474999767961,7.909458996437024,0.0,bm25,8,words,200,40,False,0.0
5a8eb4d65542990e94052b82,0.0,0.5,0.125,12.079000000085216,12.117167003452778,0.0,bm25,8,words,200,40,False,0.0
5a8038b55542996402f6a485,0.0,1.0,0.25,8.604000002378598,8.650499999930616,0.0,bm25,8,words,200,40,False,0.0
5ab83d595542990e739ec886,0.14285714285714288,1.0,0.25,14.984417000960093,15.053916999022476,0.0,bm25,8,words,200,40,False,0.0
5ae0d52e554299603e418469,0.0,1.0,0.25,45.099707996996585,45.169291995989624,0.0,bm25,8,words,200,40,False,0.0
5a8f9b8c5542997ba9cb32e6,0.1621621621621622,0.5,0.125,13.271499999973457,13.330541994946543,0.0,bm25,8,words,200,40,False,0.0
5ae75a4c5542997b22f6a6f1,0.04761904761904762,1.0,0.25,44.17329200077802,44.256166998820845,0.0,bm25,8,words,200,40,False,0.0
5ab45a0b5542991779162c7e,0.1142857142857143,1.0,0.25,8.376375000807457,8.423541999945883,0.0,bm25,8,words,200,40,False,0.0
5a8b452655429971feec468e,0.0,0.0,0.0,13.35504199960269,13.404375000391155,0.0,bm25,8,words,200,40,False,0.0
5a8d7b1755429941ae14dfc6,0.0,0.5,0.125,9.625250000681262,9.67145900358446,0.0,bm25,8,words,200,40,False,0.0
5ab6f0c25542995eadef00ea,0.0,0.5,0.125,8.759291995374952,8.837374996801373,0.0,bm25,8,words,200,40,False,0.0
5ab72a025542992aa3b8c7b8,0.052631578947368425,0.0,0.0,10.089499999594409,10.15033399744425,0.0,bm25,8,words,200,40,False,0.0
5ade42b55542992fa25da717,0.0,0.5,0.125,12.737874996673781,12.786832994606812,0.0,bm25,8,words,200,40,False,0.0
5ae4c2b95542995dadf243ef,0.0,0.5,0.125,10.854958003619686,10.900041997956578,0.0,bm25,8,words,200,40,False,0.0
5abf10b75542997719eab659,0.0,0.5,0.125,8.932125005230773,8.989791997009888,0.0,bm25,8,words,200,40,False,0.0
5add564a5542990dbb2f7e38,0.09756097560975609,0.5,0.125,10.14733299962245,10.235167006612755,0.0,bm25,8,words,200,40,False,0.0
5a738225554299623ed4abc3,0.16666666666666669,1.0,0.2857142857142857,9.795625002880115,9.854125004494563,0.0,bm25,8,words,200,40,False,0.0
5a729e7b5542992359bc313d,0.05,0.5,0.125,8.750250002776738,8.796417001576629,0.0,bm25,8,words,200,40,False,0.0
5a811152554299260e20a22e,0.125,0.5,0.125,7.662124997295905,7.727165997494012,0.0,bm25,8,words,200,40,False,0.0
5adddd075542992200553b71,0.0,1.0,0.25,8.357584003533702,8.404499996686354,0.0,bm25,8,words,200,40,False,0.0
5ade9545554299728e26c740,0.048780487804878044,0.5,0.125,7.48866699723294,7.529999995313119,0.0,bm25,8,words,200,40,False,0.0
5ab25004554299722f9b4cd7,0.0,1.0,0.25,12.602750000951346,12.645625000004657,0.0,bm25,8,words,200,40,False,0.0
5ac1f4495542991316484bd2,0.0,1.0,0.25,8.39033300144365,8.428499997535255,0.0,bm25,8,words,200,40,False,0.0
5ac0cf0f554299294b219018,0.0,1.0,0.25,6.947374997253064,6.987082997511607,0.0,bm25,8,words,200,40,False,0.0
5ab3306a55429969a97a80fd,0.0,1.0,0.25,9.669166996900458,9.708958001283463,0.0,bm25,8,words,200,40,False,0.0
5ade0fb95542997545bbbe39,0.04545454545454545,0.5,0.125,7.966875004058238,8.011666999664158,0.0,bm25,8,words,200,40,False,0.0
5ab78edc5542995dae37e95c,0.0975609756097561,0.5,0.125,6.81537499622209,6.8581250015995465,0.0,bm25,8,words,200,40,False,0.0
5ac056385542997d64295a08,0.0,1.0,0.25,17.505417003121693,17.545750000863336,0.0,bm25,8,words,200,40,False,0.0
5aba9e2455429939ce03dd3a,0.0,1.0,0.2857142857142857,11.482540998258628,11.507584000355564,0.0,bm25,8,words,200,40,False,0.0
5a90b43455429916514e7523,0.0,1.0,0.25,9.686333993158769,9.727374999783933,0.0,bm25,8,words,200,40,False,0.0
5abb30755542996cc5e49fd8,0.2105263157894737,0.5,0.125,9.53579199995147,9.614000002329703,0.0,bm25,8,words,200,40,False,0.0
5ae4ec1e5542990ba0bbb19b,0.18181818181818182,0.5,0.125,13.234750003903173,13.307207998877857,0.0,bm25,8,words,200,40,False,0.0
5add405f5542992c1e3a2581,0.19999999999999998,1.0,0.25,7.9813329939497635,8.025208000617567,0.0,bm25,8,words,200,40,False,0.0
5a71717d5542994082a3e834,0.1,0.5,0.125,9.516790996713098,9.55870799953118,0.0,bm25,8,words,200,40,False,0.0
5adf8fe55542993344016d0f,0.14634146341463414,1.0,0.2857142857142857,8.407916000578552,8.463291997031774,0.0,bm25,8,words,200,40,False,0.0
5a78f59755429970f5fffdf7,0.0,0.5,0.125,8.726916996238288,8.808667000266723,0.0,bm25,8,words,200,40,False,0.0
5a8099935542996402f6a58b,0.0,0.5,0.125,14.0008750022389,14.045957999769598,0.0,bm25,8,words,200,40,False,0.0
5ab6aaff55429953192ad35b,0.125,1.0,0.25,11.47875000606291,11.549583003215957,0.0,bm25,8,words,200,40,False,0.0
5abcc96c5542996583600492,0.0,0.0,0.0,10.970582996378653,11.01866699900711,0.0,bm25,8,words,200,40,False,0.0
5a8b78775542997f31a41d3d,0.13953488372093023,1.0,0.25,17.43749999877764,17.48612499795854,0.0,bm25,8,words,200,40,False,0.0
5a7252db5542990c210a4104,0.14634146341463414,0.5,0.125,9.52345800033072,9.56945800135145,0.0,bm25,8,words,200,40,False,0.0
5ae2ee5e5542991a06ce990a,0.0,1.0,0.25,11.250625000684522,11.333000002196059,0.0,bm25,8,words,200,40,False,0.0
5abc5951554299114383a116,0.05405405405405406,1.0,0.25,12.358583000604995,12.402833999658469,0.0,bm25,8,words,200,40,False,0.0
5ac1a3665542994ab5c67daf,0.0,0.0,0.0,7.850583002436906,7.931458996608853,0.0,bm25,8,words,200,40,False,0.0
5adc0c2b55429947ff1738db,0.0,1.0,0.25,8.359541003301274,8.396500001254026,0.0,bm25,8,words,200,40,False,0.0
5a7634f155429976ec32bd6b,0.10256410256410257,1.0,0.25,10.607750002236571,10.649915995600168,0.0,bm25,8,words,200,40,False,0.0
5a7574e25542996c70cfaf01,0.0,0.5,0.125,7.824666005035397,7.865375002438668,0.0,bm25,8,words,200,40,False,0.0
5adc8977554299438c868de2,0.048780487804878044,0.5,0.125,8.93629199708812,8.979208003438544,0.0,bm25,8,words,200,40,False,0.0
5a7dc2495542997cc2c4749a,0.0,1.0,0.25,7.904416001110803,7.942542004457209,0.0,bm25,8,words,200,40,False,0.0
5a8f05b1554299458435d517,0.05263157894736842,0.5,0.125,14.148583002679516,14.202250000380445,0.0,bm25,8,words,200,40,False,0.0
5ab7bbbf55429928e1fe38bf,0.23529411764705882,0.5,0.125,6.158332995255478,6.19620899669826,0.0,bm25,8,words,200,40,False,0.0
5a8af28555429951533613b5,0.1,1.0,0.25,13.92462500371039,13.96720900083892,0.0,bm25,8,words,200,40,False,0.0
5ae1f596554299234fd04372,0.048780487804878044,0.0,0.0,9.168040996883065,9.209875002852641,0.0,bm25,8,words,200,40,False,0.0
5a8b3af455429971feec467b,0.05882352941176471,0.5,0.125,6.242041999939829,6.281291003688239,0.0,bm25,8,words,200,40,False,0.0
5add311b5542994ed6169cc5,0.0,1.0,0.2857142857142857,9.633250003389549,9.676790999947116,0.0,bm25,8,words,200,40,False,0.0
5ae60426554299546bf83019,0.0,1.0,0.25,7.085707999067381,7.172500001615845,0.0,bm25,8,words,200,40,False,0.0
5a8cfee555429941ae14df5c,0.0,0.5,0.125,4.654917000152636,4.693415998190176,0.0,bm25,8,words,200,40,False,0.0
5a71166d5542994082a3e576,0.08510638297872342,0.5,0.14285714285714285,9.263541003747378,9.325708000687882,0.0,bm25,8,words,200,40,False,0.0
5ae789615542997ec2727695,0.0,1.0,0.25,8.91691700235242,8.964542001194786,0.0,bm25,8,words,200,40,False,0.0
5a7757215542993569682d58,0.0,1.0,0.25,11.593458002607804,11.63766700483393,0.0,bm25,8,words,200,40,False,0.0
5a81ff62554299676cceb1c4,0.0,1.0,0.25,9.833416996116284,9.911207998811733,0.0,bm25,8,words,200,40,False,0.0
5ae4890a5542995ad6573d60,0.10256410256410256,0.5,0.125,11.055167000449728,11.100625000835862,0.0,bm25,8,words,200,40,False,0.0
5a79c1335542994bb9457066,0.0,1.0,0.25,8.643875000416301,8.689207999850623,0.0,bm25,8,words,200,40,False,0.0
5ac52fc35542994611c8b403,0.2380952380952381,0.5,0.125,8.088167000096291,8.133041999826673,0.0,bm25,8,words,200,40,False,0.0
5adda7585542997dc790700c,0.09523809523809523,1.0,0.25,8.528541002306156,8.572832994104829,0.0,bm25,8,words,200,40,False,0.0
5adf043b5542993a75d263d4,0.0,1.0,0.25,7.779541003401391,7.819291997293476,0.0,bm25,8,words,200,40,False,0.0
5abd6bf055429933744ab7c8,0.25641025641025644,0.5,0.125,11.499125001137145,11.566833003598731,0.0,bm25,8,words,200,40,False,0.0
5ae0038655429925eb1afbe0,0.0,1.0,0.25,7.393125000817236,7.427666001603939,0.0,bm25,8,words,200,40,False,0.0
5a73977d554299623ed4ac08,0.0,0.5,0.125,8.828124999126885,8.866791999025736,0.0,bm25,8,words,200,40,False,0.0
5ac2a399554299218029dada,0.0,1.0,0.25,9.877874996163882,9.918833005940542,0.0,bm25,8,words,200,40,False,0.0
5ae0f6f5554299422ee99583,0.0,1.0,0.25,11.264500004472211,11.323667000397108,0.0,bm25,8,words,200,40,False,0.0
5adc1ae5554299438c868d5c,0.0,0.5,0.125,9.38437500008149,9.427624994714279,0.0,bm25,8,words,200,40,False,0.0
5ae6860e5542991bbc976112,0.0,0.5,0.125,9.623625002859626,9.667124999396037,0.0,bm25,8,words,200,40,False,0.0
5ae1316555429901ffe4adda,0.0,0.5,0.125,7.561416998214554,7.602791003591847,0.0,bm25,8,words,200,40,False,0.0
5adfeb0555429942ec259b88,0.0,0.5,0.125,12.442375002137851,12.48450000275625,0.0,bm25,8,words,200,40,False,0.0
5ab5499e5542992aa134a295,0.0,0.5,0.125,10.505166996154003,10.540167000726797,0.0,bm25,8,words,200,40,False,0.0
5adeffa85542992d7e9f926f,0.05,0.5,0.125,9.260416998586152,9.30254199920455,0.0,bm25,8,words,200,40,False,0.0
5adfd2f255429925eb1afaa5,0.0,0.5,0.125,11.1415839928668,11.193040998477954,0.0,bm25,8,words,200,40,False,0.0
5ae5b301554299546bf82f2d,0.0,1.0,0.25,8.548208999854978,8.582875001593493,0.0,bm25,8,words,200,40,False,0.0
5ab1eac95542993be8fa987f,0.0,1.0,0.25,12.479375000111759,12.521917000412941,0.0,bm25,8,words,200,40,False,0.0
5ae15e125542990adbacf773,0.18181818181818182,1.0,0.25,15.901666003628634,15.978750001522712,0.0,bm25,8,words,200,40,False,0.0
5a77beae5542992a6e59dfae,0.12903225806451613,0.5,0.125,8.011458005057648,8.065125002758577,0.0,bm25,8,words,200,40,False,0.0
5ae1f5a15542997f29b3c1b5,0.0,1.0,0.25,8.810541999991983,8.861374997650273,0.0,bm25,8,words,200,40,False,0.0
5ade908b55429975fa854f13,0.0,1.0,0.25,12.01691699679941,12.065750001056585,0.0,bm25,8,words,200,40,False,0.0
5ab47cd75542991751b4d78d,0.0,0.5,0.125,10.751499998150393,10.798666000482626,0.0,bm25,8,words,200,40,False,0.0
5a79b7f6554299029c4b5f6f,0.0,0.5,0.125,8.914167003240436,8.969832997536287,0.0,bm25,8,words,200,40,False,0.0
5ab626d555429953192ad279,0.0,0.5,0.125,12.642874993616715,12.68250000430271,0.0,bm25,8,words,200,40,False,0.0
5a84873e5542997175ce1eec,0.04545454545454545,1.0,0.25,10.323624999728054,10.366667003836483,0.0,bm25,8,words,200,40,False,0.0
5ac537975542996feb3fea3c,0.11428571428571428,0.5,0.125,7.137082997360267,7.174958001996856,0.0,bm25,8,words,200,40,False,0.0
5a8f45ca5542997ba9cb320e,0.0,0.5,0.125,7.20779100083746,7.2759169997880235,0.0,bm25,8,words,200,40,False,0.0
